20140619T000000,18.04
20140619T000100,18.05
20140619T000200,18.05
20140619T000300,18.07
20140619T000400,18.10
20140619T000500,18.08
20140619T000600,18.09
20140619T000700,18.08
20140619T000800,18.09
20140619T000900,18.11
20140619T001000,18.12
20140619T001100,18.10
20140619T001200,18.08
20140619T001300,18.07
20140619T001400,18.07
20140619T001500,18.08
20140619T001600,18.06
20140619T001700,18.07
20140619T001800,18.09
20140619T001900,18.07
20140619T002000,18.08
20140619T002100,18.10
20140619T002200,18.11
20140619T002300,18.11
20140619T002400,18.10
20140619T002500,18.09
20140619T002600,18.09
20140619T002700,18.07
20140619T002800,18.09
20140619T002900,18.07
20140619T003000,18.08
20140619T003100,18.10
20140619T003200,18.09
20140619T003300,18.10
20140619T003400,18.09
20140619T003500,18.08
20140619T003600,18.06
20140619T003700,18.05
20140619T003800,18.04
20140619T003900,18.06
20140619T004000,18.04
20140619T004100,18.02
20140619T004200,18.02
20140619T004300,18.04
20140619T004400,18.03
20140619T004500,18.03
20140619T004600,18.02
20140619T004700,18.00
20140619T004800,17.98
20140619T004900,17.97
20140619T005000,17.96
20140619T005100,17.95
20140619T005200,17.93
20140619T005300,17.94
20140619T005400,17.94
20140619T005500,17.94
20140619T005600,17.93
20140619T005700,17.93
20140619T005800,17.93
20140619T005900,17.93
20140619T010000,17.92
20140619T010100,17.91
20140619T010200,17.92
20140619T010300,17.90
20140619T010400,17.90
20140619T010500,17.88
20140619T010600,17.87
20140619T010700,17.85
20140619T010800,17.85
20140619T010900,17.87
20140619T011000,17.87
20140619T011100,17.89
20140619T011200,17.90
20140619T011300,17.91
20140619T011400,17.93
20140619T011500,17.96
20140619T011600,17.96
20140619T011700,17.96
20140619T011800,17.96
20140619T011900,17.94
20140619T012000,17.94
20140619T012100,17.93
20140619T012200,17.92
20140619T012300,17.93
20140619T012400,17.92
20140619T012500,17.91
20140619T012600,17.90
20140619T012700,17.88
20140619T012800,17.88
20140619T012900,17.90
20140619T013000,17.92
20140619T013100,17.91
20140619T013200,17.92
20140619T013300,17.92
20140619T013400,17.91
20140619T013500,17.93
20140619T013600,17.92
20140619T013700,17.94
20140619T013800,17.94
20140619T013900,17.93
20140619T014000,17.94
20140619T014100,17.95
20140619T014200,17.96
20140619T014300,17.98
20140619T014400,17.99
20140619T014500,18.00
20140619T014600,17.99
20140619T014700,17.99
20140619T014800,18.00
20140619T014900,18.01
20140619T015000,18.03
20140619T015100,18.04
20140619T015200,18.02
20140619T015300,18.04
20140619T015400,18.05
20140619T015500,18.05
20140619T015600,18.03
20140619T015700,18.03
20140619T015800,18.02
20140619T015900,18.03
20140619T020000,18.03
20140619T020100,18.03
20140619T020200,18.02
20140619T020300,18.01
20140619T020400,17.99
20140619T020500,17.98
20140619T020600,17.96
20140619T020700,17.94
20140619T020800,17.95
20140619T020900,17.97
20140619T021000,17.96
20140619T021100,17.94
20140619T021200,17.93
20140619T021300,17.95
20140619T021400,17.93
20140619T021500,17.94
20140619T021600,17.92
20140619T021700,17.91
20140619T021800,17.92
20140619T021900,17.94
20140619T022000,17.95
20140619T022100,17.94
20140619T022200,17.92
20140619T022300,17.93
20140619T022400,17.92
20140619T022500,17.93
20140619T022600,17.95
20140619T022700,17.94
20140619T022800,17.92
20140619T022900,17.92
20140619T023000,17.90
20140619T023100,17.89
20140619T023200,17.89
20140619T023300,17.90
20140619T023400,17.90
20140619T023500,17.91
20140619T023600,17.91
20140619T023700,17.91
20140619T023800,17.90
20140619T023900,17.91
20140619T024000,17.88
20140619T024100,17.89
20140619T024200,17.89
20140619T024300,17.89
20140619T024400,17.90
20140619T024500,17.89
20140619T024600,17.89
20140619T024700,17.88
20140619T024800,17.87
20140619T024900,17.88
20140619T025000,17.85
20140619T025100,17.83
20140619T025200,17.81
20140619T025300,17.79
20140619T025400,17.80
20140619T025500,17.82
20140619T025600,17.81
20140619T025700,17.79
20140619T025800,17.79
20140619T025900,17.80
20140619T030000,17.78
20140619T030100,17.77
20140619T030200,17.76
20140619T030300,17.74
20140619T030400,17.75
20140619T030500,17.73
20140619T030600,17.71
20140619T030700,17.72
20140619T030800,17.72
20140619T030900,17.73
20140619T031000,17.74
20140619T031100,17.75
20140619T031200,17.76
20140619T031300,17.78
20140619T031400,17.77
20140619T031500,17.75
20140619T031600,17.72
20140619T031700,17.72
20140619T031800,17.73
20140619T031900,17.75
20140619T032000,17.78
20140619T032100,17.76
20140619T032200,17.74
20140619T032300,17.74
20140619T032400,17.75
20140619T032500,17.77
20140619T032600,17.75
20140619T032700,17.76
20140619T032800,17.75
20140619T032900,17.74
20140619T033000,17.75
20140619T033100,17.74
20140619T033200,17.77
20140619T033300,17.75
20140619T033400,17.76
20140619T033500,17.78
20140619T033600,17.77
20140619T033700,17.78
20140619T033800,17.79
20140619T033900,17.81
20140619T034000,17.82
20140619T034100,17.83
20140619T034200,17.84
20140619T034300,17.82
20140619T034400,17.81
20140619T034500,17.81
20140619T034600,17.82
20140619T034700,17.80
20140619T034800,17.79
20140619T034900,17.78
20140619T035000,17.77
20140619T035100,17.80
20140619T035200,17.81
20140619T035300,17.83
20140619T035400,17.83
20140619T035500,17.81
20140619T035600,17.83
20140619T035700,17.82
20140619T035800,17.83
20140619T035900,17.83
20140619T040000,17.83
20140619T040100,17.83
20140619T040200,17.82
20140619T040300,17.84
20140619T040400,17.85
20140619T040500,17.86
20140619T040600,17.85
20140619T040700,17.85
20140619T040800,17.88
20140619T040900,17.87
20140619T041000,17.88
20140619T041100,17.89
20140619T041200,17.86
20140619T041300,17.85
20140619T041400,17.83
20140619T041500,17.85
20140619T041600,17.85
20140619T041700,17.87
20140619T041800,17.88
20140619T041900,17.90
20140619T042000,17.91
20140619T042100,17.91
20140619T042200,17.90
20140619T042300,17.89
20140619T042400,17.90
20140619T042500,17.88
20140619T042600,17.87
20140619T042700,17.86
20140619T042800,17.83
20140619T042900,17.84
20140619T043000,17.86
20140619T043100,17.86
20140619T043200,17.87
20140619T043300,17.87
20140619T043400,17.84
20140619T043500,17.84
20140619T043600,17.86
20140619T043700,17.86
20140619T043800,17.86
20140619T043900,17.86
20140619T044000,17.85
20140619T044100,17.85
20140619T044200,17.83
20140619T044300,17.81
20140619T044400,17.82
20140619T044500,17.80
20140619T044600,17.81
20140619T044700,17.81
20140619T044800,17.83
20140619T044900,17.82
20140619T045000,17.80
20140619T045100,17.78
20140619T045200,17.76
20140619T045300,17.77
20140619T045400,17.78
20140619T045500,17.80
20140619T045600,17.78
20140619T045700,17.79
20140619T045800,17.80
20140619T045900,17.79
20140619T050000,17.78
20140619T050100,17.76
20140619T050200,17.73
20140619T050300,17.74
20140619T050400,17.73
20140619T050500,17.71
20140619T050600,17.71
20140619T050700,17.73
20140619T050800,17.74
20140619T050900,17.76
20140619T051000,17.74
20140619T051100,17.74
20140619T051200,17.74
20140619T051300,17.75
20140619T051400,17.76
20140619T051500,17.78
20140619T051600,17.76
20140619T051700,17.75
20140619T051800,17.73
20140619T051900,17.73
20140619T052000,17.70
20140619T052100,17.72
20140619T052200,17.71
20140619T052300,17.71
20140619T052400,17.68
20140619T052500,17.68
20140619T052600,17.67
20140619T052700,17.69
20140619T052800,17.68
20140619T052900,17.66
20140619T053000,17.65
20140619T053100,17.63
20140619T053200,17.64
20140619T053300,17.63
20140619T053400,17.64
20140619T053500,17.63
20140619T053600,17.62
20140619T053700,17.62
20140619T053800,17.62
20140619T053900,17.60
20140619T054000,17.63
20140619T054100,17.64
20140619T054200,17.62
20140619T054300,17.61
20140619T054400,17.63
20140619T054500,17.65
20140619T054600,17.63
20140619T054700,17.65
20140619T054800,17.66
20140619T054900,17.66
20140619T055000,17.66
20140619T055100,17.65
20140619T055200,17.65
20140619T055300,17.67
20140619T055400,17.68
20140619T055500,17.66
20140619T055600,17.68
20140619T055700,17.66
20140619T055800,17.66
20140619T055900,17.66
20140619T060000,17.64
20140619T060100,17.65
20140619T060200,17.64
20140619T060300,17.64
20140619T060400,17.65
20140619T060500,17.67
20140619T060600,17.65
20140619T060700,17.64
20140619T060800,17.64
20140619T060900,17.64
20140619T061000,17.62
20140619T061100,17.62
20140619T061200,17.63
20140619T061300,17.63
20140619T061400,17.61
20140619T061500,17.62
20140619T061600,17.60
20140619T061700,17.61
20140619T061800,17.60
20140619T061900,17.58
20140619T062000,17.60
20140619T062100,17.58
20140619T062200,17.59
20140619T062300,17.61
20140619T062400,17.62
20140619T062500,17.62
20140619T062600,17.62
20140619T062700,17.62
20140619T062800,17.60
20140619T062900,17.59
20140619T063000,17.59
20140619T063100,17.60
20140619T063200,17.59
20140619T063300,17.61
20140619T063400,17.61
20140619T063500,17.60
20140619T063600,17.61
20140619T063700,17.61
20140619T063800,17.60
20140619T063900,17.57
20140619T064000,17.55
20140619T064100,17.53
20140619T064200,17.53
20140619T064300,17.55
20140619T064400,17.55
20140619T064500,17.55
20140619T064600,17.56
20140619T064700,17.58
20140619T064800,17.58
20140619T064900,17.57
20140619T065000,17.57
20140619T065100,17.57
20140619T065200,17.59
20140619T065300,17.60
20140619T065400,17.60
20140619T065500,17.58
20140619T065600,17.57
20140619T065700,17.58
20140619T065800,17.58
20140619T065900,17.56
20140619T070000,17.55
20140619T070100,17.54
20140619T070200,17.53
20140619T070300,17.54
20140619T070400,17.52
20140619T070500,17.50
20140619T070600,17.50
20140619T070700,17.52
20140619T070800,17.53
20140619T070900,17.55
20140619T071000,17.55
20140619T071100,17.56
20140619T071200,17.56
20140619T071300,17.57
20140619T071400,17.57
20140619T071500,17.56
20140619T071600,17.56
20140619T071700,17.55
20140619T071800,17.52
20140619T071900,17.52
20140619T072000,17.53
20140619T072100,17.51
20140619T072200,17.52
20140619T072300,17.50
20140619T072400,17.48
20140619T072500,17.47
20140619T072600,17.48
20140619T072700,17.49
20140619T072800,17.51
20140619T072900,17.53
20140619T073000,17.53
20140619T073100,17.51
20140619T073200,17.52
20140619T073300,17.51
20140619T073400,17.53
20140619T073500,17.54
20140619T073600,17.53
20140619T073700,17.51
20140619T073800,17.51
20140619T073900,17.49
20140619T074000,17.51
20140619T074100,17.52
20140619T074200,17.54
20140619T074300,17.55
20140619T074400,17.56
20140619T074500,17.57
20140619T074600,17.55
20140619T074700,17.56
20140619T074800,17.55
20140619T074900,17.56
20140619T075000,17.54
20140619T075100,17.56
20140619T075200,17.54
20140619T075300,17.57
20140619T075400,17.58
20140619T075500,17.60
20140619T075600,17.58
20140619T075700,17.60
20140619T075800,17.59
20140619T075900,17.58
20140619T080000,17.60
20140619T080100,17.59
20140619T080200,17.61
20140619T080300,17.58
20140619T080400,17.60
20140619T080500,17.58
20140619T080600,17.56
20140619T080700,17.55
20140619T080800,17.57
20140619T080900,17.55
20140619T081000,17.55
20140619T081100,17.57
20140619T081200,17.57
20140619T081300,17.59
20140619T081400,17.61
20140619T081500,17.63
20140619T081600,17.65
20140619T081700,17.62
20140619T081800,17.64
20140619T081900,17.65
20140619T082000,17.67
20140619T082100,17.67
20140619T082200,17.65
20140619T082300,17.62
20140619T082400,17.60
20140619T082500,17.60
20140619T082600,17.62
20140619T082700,17.60
20140619T082800,17.58
20140619T082900,17.60
20140619T083000,17.61
20140619T083100,17.60
20140619T083200,17.62
20140619T083300,17.61
20140619T083400,17.64
20140619T083500,17.62
20140619T083600,17.61
20140619T083700,17.59
20140619T083800,17.61
20140619T083900,17.63
20140619T084000,17.65
20140619T084100,17.64
20140619T084200,17.63
20140619T084300,17.62
20140619T084400,17.61
20140619T084500,17.63
20140619T084600,17.64
20140619T084700,17.64
20140619T084800,17.66
20140619T084900,17.68
20140619T085000,17.69
20140619T085100,17.68
20140619T085200,17.70
20140619T085300,17.71
20140619T085400,17.73
20140619T085500,17.73
20140619T085600,17.74
20140619T085700,17.74
20140619T085800,17.75
20140619T085900,17.76
20140619T090000,17.76
20140619T090100,17.77
20140619T090200,17.76
20140619T090300,17.75
20140619T090400,17.74
20140619T090500,17.74
20140619T090600,17.72
20140619T090700,17.71
20140619T090800,17.69
20140619T090900,17.70
20140619T091000,17.72
20140619T091100,17.72
20140619T091200,17.70
20140619T091300,17.69
20140619T091400,17.70
20140619T091500,17.68
20140619T091600,17.70
20140619T091700,17.68
20140619T091800,17.67
20140619T091900,17.67
20140619T092000,17.65
20140619T092100,17.63
20140619T092200,17.63
20140619T092300,17.63
20140619T092400,17.64
20140619T092500,17.63
20140619T092600,17.64
20140619T092700,17.65
20140619T092800,17.64
20140619T092900,17.66
20140619T093000,17.66
20140619T093100,17.66
20140619T093200,17.65
20140619T093300,17.66
20140619T093400,17.66
20140619T093500,17.67
20140619T093600,17.68
20140619T093700,17.66
20140619T093800,17.65
20140619T093900,17.65
20140619T094000,17.62
20140619T094100,17.63
20140619T094200,17.62
20140619T094300,17.63
20140619T094400,17.63
20140619T094500,17.65
20140619T094600,17.66
20140619T094700,17.67
20140619T094800,17.66
20140619T094900,17.65
20140619T095000,17.63
20140619T095100,17.63
20140619T095200,17.65
20140619T095300,17.65
20140619T095400,17.63
20140619T095500,17.61
20140619T095600,17.60
20140619T095700,17.59
20140619T095800,17.60
20140619T095900,17.62
20140619T100000,17.63
20140619T100100,17.64
20140619T100200,17.62
20140619T100300,17.63
20140619T100400,17.63
20140619T100500,17.64
20140619T100600,17.64
20140619T100700,17.65
20140619T100800,17.66
20140619T100900,17.66
20140619T101000,17.64
20140619T101100,17.64
20140619T101200,17.62
20140619T101300,17.60
20140619T101400,17.60
20140619T101500,17.62
20140619T101600,17.64
20140619T101700,17.66
20140619T101800,17.65
20140619T101900,17.64
20140619T102000,17.65
20140619T102100,17.65
20140619T102200,17.66
20140619T102300,17.65
20140619T102400,17.65
20140619T102500,17.65
20140619T102600,17.63
20140619T102700,17.61
20140619T102800,17.60
20140619T102900,17.57
20140619T103000,17.55
20140619T103100,17.53
20140619T103200,17.52
20140619T103300,17.50
20140619T103400,17.51
20140619T103500,17.50
20140619T103600,17.50
20140619T103700,17.49
20140619T103800,17.50
20140619T103900,17.51
20140619T104000,17.50
20140619T104100,17.50
20140619T104200,17.48
20140619T104300,17.50
20140619T104400,17.51
20140619T104500,17.50
20140619T104600,17.49
20140619T104700,17.48
20140619T104800,17.47
20140619T104900,17.46
20140619T105000,17.47
20140619T105100,17.44
20140619T105200,17.44
20140619T105300,17.43
20140619T105400,17.42
20140619T105500,17.44
20140619T105600,17.42
20140619T105700,17.41
20140619T105800,17.40
20140619T105900,17.42
20140619T110000,17.43
20140619T110100,17.41
20140619T110200,17.42
20140619T110300,17.44
20140619T110400,17.43
20140619T110500,17.43
20140619T110600,17.45
20140619T110700,17.47
20140619T110800,17.49
20140619T110900,17.47
20140619T111000,17.50
20140619T111100,17.51
20140619T111200,17.50
20140619T111300,17.52
20140619T111400,17.51
20140619T111500,17.52
20140619T111600,17.50
20140619T111700,17.50
20140619T111800,17.49
20140619T111900,17.47
20140619T112000,17.45
20140619T112100,17.43
20140619T112200,17.41
20140619T112300,17.42
20140619T112400,17.42
20140619T112500,17.43
20140619T112600,17.42
20140619T112700,17.40
20140619T112800,17.39
20140619T112900,17.41
20140619T113000,17.39
20140619T113100,17.37
20140619T113200,17.39
20140619T113300,17.39
20140619T113400,17.41
20140619T113500,17.42
20140619T113600,17.41
20140619T113700,17.39
20140619T113800,17.40
20140619T113900,17.42
20140619T114000,17.41
20140619T114100,17.38
20140619T114200,17.38
20140619T114300,17.39
20140619T114400,17.37
20140619T114500,17.38
20140619T114600,17.38
20140619T114700,17.36
20140619T114800,17.34
20140619T114900,17.35
20140619T115000,17.34
20140619T115100,17.36
20140619T115200,17.37
20140619T115300,17.37
20140619T115400,17.37
20140619T115500,17.36
20140619T115600,17.35
20140619T115700,17.33
20140619T115800,17.34
20140619T115900,17.35
20140619T120000,17.37
20140619T120100,17.35
20140619T120200,17.37
20140619T120300,17.39
20140619T120400,17.38
20140619T120500,17.40
20140619T120600,17.42
20140619T120700,17.40
20140619T120800,17.41
20140619T120900,17.42
20140619T121000,17.43
20140619T121100,17.41
20140619T121200,17.42
20140619T121300,17.44
20140619T121400,17.45
20140619T121500,17.44
20140619T121600,17.46
20140619T121700,17.46
20140619T121800,17.43
20140619T121900,17.46
20140619T122000,17.46
20140619T122100,17.47
20140619T122200,17.45
20140619T122300,17.46
20140619T122400,17.47
20140619T122500,17.49
20140619T122600,17.51
20140619T122700,17.51
20140619T122800,17.50
20140619T122900,17.50
20140619T123000,17.48
20140619T123100,17.46
20140619T123200,17.45
20140619T123300,17.46
20140619T123400,17.47
20140619T123500,17.45
20140619T123600,17.46
20140619T123700,17.45
20140619T123800,17.47
20140619T123900,17.46
20140619T124000,17.46
20140619T124100,17.46
20140619T124200,17.48
20140619T124300,17.47
20140619T124400,17.48
20140619T124500,17.49
20140619T124600,17.51
20140619T124700,17.50
20140619T124800,17.48
20140619T124900,17.48
20140619T125000,17.48
20140619T125100,17.50
20140619T125200,17.48
20140619T125300,17.49
20140619T125400,17.47
20140619T125500,17.47
20140619T125600,17.49
20140619T125700,17.48
20140619T125800,17.49
20140619T125900,17.48
20140619T130000,17.49
20140619T130100,17.51
20140619T130200,17.53
20140619T130300,17.55
20140619T130400,17.55
20140619T130500,17.58
20140619T130600,17.57
20140619T130700,17.56
20140619T130800,17.56
20140619T130900,17.58
20140619T131000,17.57
20140619T131100,17.58
20140619T131200,17.60
20140619T131300,17.63
20140619T131400,17.64
20140619T131500,17.64
20140619T131600,17.65
20140619T131700,17.65
20140619T131800,17.66
20140619T131900,17.66
20140619T132000,17.66
20140619T132100,17.67
20140619T132200,17.70
20140619T132300,17.71
20140619T132400,17.73
20140619T132500,17.75
20140619T132600,17.75
20140619T132700,17.76
20140619T132800,17.76
20140619T132900,17.76
20140619T133000,17.78
20140619T133100,17.78
20140619T133200,17.77
20140619T133300,17.78
20140619T133400,17.78
20140619T133500,17.77
20140619T133600,17.79
20140619T133700,17.80
20140619T133800,17.79
20140619T133900,17.81
20140619T134000,17.82
20140619T134100,17.83
20140619T134200,17.82
20140619T134300,17.84
20140619T134400,17.83
20140619T134500,17.85
20140619T134600,17.86
20140619T134700,17.88
20140619T134800,17.90
20140619T134900,17.92
20140619T135000,17.94
20140619T135100,17.95
20140619T135200,17.97
20140619T135300,17.98
20140619T135400,17.99
20140619T135500,17.99
20140619T135600,18.01
20140619T135700,17.99
20140619T135800,17.98
20140619T135900,18.00
20140619T140000,18.00
20140619T140100,18.01
20140619T140200,17.98
20140619T140300,17.96
20140619T140400,17.95
20140619T140500,17.94
20140619T140600,17.92
20140619T140700,17.93
20140619T140800,17.93
20140619T140900,17.93
20140619T141000,17.90
20140619T141100,17.88
20140619T141200,17.89
20140619T141300,17.89
20140619T141400,17.89
20140619T141500,17.90
20140619T141600,17.88
20140619T141700,17.88
20140619T141800,17.88
20140619T141900,17.87
20140619T142000,17.86
20140619T142100,17.86
20140619T142200,17.85
20140619T142300,17.84
20140619T142400,17.83
20140619T142500,17.82
20140619T142600,17.84
20140619T142700,17.85
20140619T142800,17.83
20140619T142900,17.82
20140619T143000,17.82
20140619T143100,17.80
20140619T143200,17.83
20140619T143300,17.83
20140619T143400,17.85
20140619T143500,17.85
20140619T143600,17.83
20140619T143700,17.84
20140619T143800,17.84
20140619T143900,17.84
20140619T144000,17.84
20140619T144100,17.84
20140619T144200,17.83
20140619T144300,17.82
20140619T144400,17.84
20140619T144500,17.81
20140619T144600,17.84
20140619T144700,17.82
20140619T144800,17.81
20140619T144900,17.80
20140619T145000,17.81
20140619T145100,17.80
20140619T145200,17.81
20140619T145300,17.83
20140619T145400,17.84
20140619T145500,17.85
20140619T145600,17.84
20140619T145700,17.84
20140619T145800,17.82
20140619T145900,17.84
20140619T150000,17.82
20140619T150100,17.84
20140619T150200,17.84
20140619T150300,17.83
20140619T150400,17.83
20140619T150500,17.83
20140619T150600,17.81
20140619T150700,17.82
20140619T150800,17.81
20140619T150900,17.80
20140619T151000,17.78
20140619T151100,17.78
20140619T151200,17.80
20140619T151300,17.82
20140619T151400,17.80
20140619T151500,17.79
20140619T151600,17.79
20140619T151700,17.81
20140619T151800,17.81
20140619T151900,17.79
20140619T152000,17.79
20140619T152100,17.79
20140619T152200,17.79
20140619T152300,17.78
20140619T152400,17.80
20140619T152500,17.79
20140619T152600,17.78
20140619T152700,17.77
20140619T152800,17.78
20140619T152900,17.76
20140619T153000,17.74
20140619T153100,17.76
20140619T153200,17.74
20140619T153300,17.73
20140619T153400,17.74
20140619T153500,17.75
20140619T153600,17.74
20140619T153700,17.72
20140619T153800,17.73
20140619T153900,17.71
20140619T154000,17.74
20140619T154100,17.73
20140619T154200,17.73
20140619T154300,17.74
20140619T154400,17.75
20140619T154500,17.74
20140619T154600,17.74
20140619T154700,17.73
20140619T154800,17.71
20140619T154900,17.70
20140619T155000,17.72
20140619T155100,17.70
20140619T155200,17.71
20140619T155300,17.72
20140619T155400,17.74
20140619T155500,17.74
20140619T155600,17.73
20140619T155700,17.72
20140619T155800,17.73
20140619T155900,17.73
20140619T160000,17.75
20140619T160100,17.76
20140619T160200,17.75
20140619T160300,17.74
20140619T160400,17.74
20140619T160500,17.72
20140619T160600,17.72
20140619T160700,17.74
20140619T160800,17.74
20140619T160900,17.75
20140619T161000,17.78
20140619T161100,17.78
20140619T161200,17.80
20140619T161300,17.79
20140619T161400,17.77
20140619T161500,17.75
20140619T161600,17.73
20140619T161700,17.72
20140619T161800,17.73
20140619T161900,17.74
20140619T162000,17.76
20140619T162100,17.75
20140619T162200,17.75
20140619T162300,17.76
20140619T162400,17.75
20140619T162500,17.76
20140619T162600,17.76
20140619T162700,17.74
20140619T162800,17.73
20140619T162900,17.75
20140619T163000,17.73
20140619T163100,17.76
20140619T163200,17.76
20140619T163300,17.75
20140619T163400,17.77
20140619T163500,17.78
20140619T163600,17.76
20140619T163700,17.77
20140619T163800,17.75
20140619T163900,17.73
20140619T164000,17.73
20140619T164100,17.73
20140619T164200,17.72
20140619T164300,17.70
20140619T164400,17.72
20140619T164500,17.74
20140619T164600,17.75
20140619T164700,17.78
20140619T164800,17.78
20140619T164900,17.78
20140619T165000,17.77
20140619T165100,17.79
20140619T165200,17.80
20140619T165300,17.78
20140619T165400,17.78
20140619T165500,17.77
20140619T165600,17.78
20140619T165700,17.78
20140619T165800,17.80
20140619T165900,17.80
20140619T170000,17.80
20140619T170100,17.79
20140619T170200,17.81
20140619T170300,17.81
20140619T170400,17.80
20140619T170500,17.80
20140619T170600,17.79
20140619T170700,17.77
20140619T170800,17.75
20140619T170900,17.73
20140619T171000,17.72
20140619T171100,17.73
20140619T171200,17.75
20140619T171300,17.73
20140619T171400,17.76
20140619T171500,17.76
20140619T171600,17.78
20140619T171700,17.76
20140619T171800,17.76
20140619T171900,17.74
20140619T172000,17.74
20140619T172100,17.73
20140619T172200,17.73
20140619T172300,17.73
20140619T172400,17.71
20140619T172500,17.71
20140619T172600,17.71
20140619T172700,17.72
20140619T172800,17.70
20140619T172900,17.69
20140619T173000,17.70
20140619T173100,17.68
20140619T173200,17.68
20140619T173300,17.66
20140619T173400,17.65
20140619T173500,17.63
20140619T173600,17.64
20140619T173700,17.64
20140619T173800,17.66
20140619T173900,17.67
20140619T174000,17.67
20140619T174100,17.68
20140619T174200,17.67
20140619T174300,17.66
20140619T174400,17.68
20140619T174500,17.66
20140619T174600,17.64
20140619T174700,17.61
20140619T174800,17.60
20140619T174900,17.59
20140619T175000,17.56
20140619T175100,17.58
20140619T175200,17.57
20140619T175300,17.56
20140619T175400,17.58
20140619T175500,17.55
20140619T175600,17.57
20140619T175700,17.56
20140619T175800,17.54
20140619T175900,17.52
20140619T180000,17.51
20140619T180100,17.49
20140619T180200,17.48
20140619T180300,17.49
20140619T180400,17.47
20140619T180500,17.48
20140619T180600,17.50
20140619T180700,17.49
20140619T180800,17.47
20140619T180900,17.46
20140619T181000,17.47
20140619T181100,17.48
20140619T181200,17.50
20140619T181300,17.51
20140619T181400,17.53
20140619T181500,17.55
20140619T181600,17.56
20140619T181700,17.57
20140619T181800,17.57
20140619T181900,17.55
20140619T182000,17.54
20140619T182100,17.53
20140619T182200,17.54
20140619T182300,17.54
20140619T182400,17.53
20140619T182500,17.51
20140619T182600,17.51
20140619T182700,17.50
20140619T182800,17.51
20140619T182900,17.51
20140619T183000,17.49
20140619T183100,17.47
20140619T183200,17.46
20140619T183300,17.44
20140619T183400,17.46
20140619T183500,17.46
20140619T183600,17.44
20140619T183700,17.43
20140619T183800,17.43
20140619T183900,17.45
20140619T184000,17.43
20140619T184100,17.43
20140619T184200,17.41
20140619T184300,17.42
20140619T184400,17.43
20140619T184500,17.45
20140619T184600,17.44
20140619T184700,17.44
20140619T184800,17.43
20140619T184900,17.43
20140619T185000,17.42
20140619T185100,17.41
20140619T185200,17.39
20140619T185300,17.40
20140619T185400,17.42
20140619T185500,17.43
20140619T185600,17.41
20140619T185700,17.42
20140619T185800,17.40
20140619T185900,17.41
20140619T190000,17.40
20140619T190100,17.41
20140619T190200,17.39
20140619T190300,17.40
20140619T190400,17.40
20140619T190500,17.40
20140619T190600,17.40
20140619T190700,17.39
20140619T190800,17.38
20140619T190900,17.40
20140619T191000,17.38
20140619T191100,17.39
20140619T191200,17.40
20140619T191300,17.40
20140619T191400,17.41
20140619T191500,17.43
20140619T191600,17.40
20140619T191700,17.40
20140619T191800,17.39
20140619T191900,17.41
20140619T192000,17.43
20140619T192100,17.41
20140619T192200,17.41
20140619T192300,17.39
20140619T192400,17.41
20140619T192500,17.42
20140619T192600,17.40
20140619T192700,17.39
20140619T192800,17.39
20140619T192900,17.37
20140619T193000,17.37
20140619T193100,17.37
20140619T193200,17.37
20140619T193300,17.36
20140619T193400,17.35
20140619T193500,17.36
20140619T193600,17.38
20140619T193700,17.37
20140619T193800,17.37
20140619T193900,17.38
20140619T194000,17.36
20140619T194100,17.35
20140619T194200,17.35
20140619T194300,17.37
20140619T194400,17.37
20140619T194500,17.38
20140619T194600,17.37
20140619T194700,17.40
20140619T194800,17.42
20140619T194900,17.44
20140619T195000,17.42
20140619T195100,17.43
20140619T195200,17.44
20140619T195300,17.44
20140619T195400,17.43
20140619T195500,17.42
20140619T195600,17.40
20140619T195700,17.40
20140619T195800,17.40
20140619T195900,17.37
20140619T200000,17.39
20140619T200100,17.38
20140619T200200,17.41
20140619T200300,17.41
20140619T200400,17.39
20140619T200500,17.41
20140619T200600,17.40
20140619T200700,17.41
20140619T200800,17.41
20140619T200900,17.42
20140619T201000,17.44
20140619T201100,17.44
20140619T201200,17.45
20140619T201300,17.47
20140619T201400,17.49
20140619T201500,17.47
20140619T201600,17.45
20140619T201700,17.45
20140619T201800,17.44
20140619T201900,17.42
20140619T202000,17.42
20140619T202100,17.40
20140619T202200,17.41
20140619T202300,17.38
20140619T202400,17.37
20140619T202500,17.39
20140619T202600,17.38
20140619T202700,17.37
20140619T202800,17.37
20140619T202900,17.35
20140619T203000,17.33
20140619T203100,17.33
20140619T203200,17.34
20140619T203300,17.32
20140619T203400,17.33
20140619T203500,17.36
20140619T203600,17.35
20140619T203700,17.34
20140619T203800,17.33
20140619T203900,17.31
20140619T204000,17.33
20140619T204100,17.36
20140619T204200,17.36
20140619T204300,17.39
20140619T204400,17.36
20140619T204500,17.38
20140619T204600,17.40
20140619T204700,17.39
20140619T204800,17.36
20140619T204900,17.39
20140619T205000,17.39
20140619T205100,17.38
20140619T205200,17.38
20140619T205300,17.39
20140619T205400,17.37
20140619T205500,17.35
20140619T205600,17.34
20140619T205700,17.33
20140619T205800,17.32
20140619T205900,17.30
20140619T210000,17.28
20140619T210100,17.26
20140619T210200,17.28
20140619T210300,17.27
20140619T210400,17.28
20140619T210500,17.28
20140619T210600,17.28
20140619T210700,17.27
20140619T210800,17.26
20140619T210900,17.27
20140619T211000,17.25
20140619T211100,17.23
20140619T211200,17.21
20140619T211300,17.21
20140619T211400,17.23
20140619T211500,17.21
20140619T211600,17.22
20140619T211700,17.24
20140619T211800,17.23
20140619T211900,17.24
20140619T212000,17.26
20140619T212100,17.23
20140619T212200,17.25
20140619T212300,17.27
20140619T212400,17.25
20140619T212500,17.22
20140619T212600,17.21
20140619T212700,17.22
20140619T212800,17.20
20140619T212900,17.20
20140619T213000,17.19
20140619T213100,17.20
20140619T213200,17.18
20140619T213300,17.16
20140619T213400,17.14
20140619T213500,17.14
20140619T213600,17.13
20140619T213700,17.12
20140619T213800,17.12
20140619T213900,17.10
20140619T214000,17.09
20140619T214100,17.11
20140619T214200,17.10
20140619T214300,17.13
20140619T214400,17.14
20140619T214500,17.11
20140619T214600,17.12
20140619T214700,17.15
20140619T214800,17.14
20140619T214900,17.13
20140619T215000,17.11
20140619T215100,17.13
20140619T215200,17.13
20140619T215300,17.12
20140619T215400,17.12
20140619T215500,17.11
20140619T215600,17.10
20140619T215700,17.10
20140619T215800,17.11
20140619T215900,17.10
20140619T220000,17.12
20140619T220100,17.13
20140619T220200,17.12
20140619T220300,17.13
20140619T220400,17.16
20140619T220500,17.17
20140619T220600,17.19
20140619T220700,17.22
20140619T220800,17.20
20140619T220900,17.22
20140619T221000,17.21
20140619T221100,17.23
20140619T221200,17.21
20140619T221300,17.20
20140619T221400,17.19
20140619T221500,17.18
20140619T221600,17.19
20140619T221700,17.17
20140619T221800,17.16
20140619T221900,17.15
20140619T222000,17.12
20140619T222100,17.13
20140619T222200,17.12
20140619T222300,17.14
20140619T222400,17.12
20140619T222500,17.14
20140619T222600,17.16
20140619T222700,17.16
20140619T222800,17.15
20140619T222900,17.13
20140619T223000,17.15
20140619T223100,17.13
20140619T223200,17.12
20140619T223300,17.10
20140619T223400,17.12
20140619T223500,17.10
20140619T223600,17.11
20140619T223700,17.09
20140619T223800,17.11
20140619T223900,17.11
20140619T224000,17.12
20140619T224100,17.11
20140619T224200,17.10
20140619T224300,17.11
20140619T224400,17.09
20140619T224500,17.10
20140619T224600,17.10
20140619T224700,17.10
20140619T224800,17.11
20140619T224900,17.09
20140619T225000,17.07
20140619T225100,17.08
20140619T225200,17.09
20140619T225300,17.09
20140619T225400,17.11
20140619T225500,17.12
20140619T225600,17.10
20140619T225700,17.10
20140619T225800,17.10
20140619T225900,17.11
20140619T230000,17.09
20140619T230100,17.10
20140619T230200,17.11
20140619T230300,17.09
20140619T230400,17.08
20140619T230500,17.08
20140619T230600,17.07
20140619T230700,17.09
20140619T230800,17.11
20140619T230900,17.11
20140619T231000,17.10
20140619T231100,17.08
20140619T231200,17.10
20140619T231300,17.11
20140619T231400,17.09
20140619T231500,17.10
20140619T231600,17.08
20140619T231700,17.07
20140619T231800,17.04
20140619T231900,17.02
20140619T232000,17.01
20140619T232100,17.03
20140619T232200,17.02
20140619T232300,17.03
20140619T232400,17.05
20140619T232500,17.03
20140619T232600,17.05
20140619T232700,17.06
20140619T232800,17.05
20140619T232900,17.03
20140619T233000,17.04
20140619T233100,17.06
20140619T233200,17.06
20140619T233300,17.07
20140619T233400,17.08
20140619T233500,17.08
20140619T233600,17.07
20140619T233700,17.06
20140619T233800,17.06
20140619T233900,17.06
20140619T234000,17.08
20140619T234100,17.07
20140619T234200,17.06
20140619T234300,17.08
20140619T234400,17.06
20140619T234500,17.07
20140619T234600,17.07
20140619T234700,17.08
20140619T234800,17.08
20140619T234900,17.07
20140619T235000,17.09
20140619T235100,17.10
20140619T235200,17.09
20140619T235300,17.12
20140619T235400,17.10
20140619T235500,17.08
20140619T235600,17.09
20140619T235700,17.08
20140619T235800,17.08
20140619T235900,17.06
